dest,user,"parent_process","parent_process_name","process_name","original_file_name",process,"process_id","parent_process_id",count,firstTime,lastTime
"ar-win-2.attackrange.local",Administrator,"""cmd.exe"" /c ""reg save HKLM\sam %temp%\sam &amp; reg save HKLM\system %temp%\system &amp; reg save HKLM\security %temp%\security""","cmd.exe","reg.exe","reg.exe","reg  save HKLM\sam C:\Users\ADMINI~1\AppData\Local\Temp\sam",2736,3364,1,"2023-09-24T11:19:07","2023-09-24T11:19:07"
"ar-win-2.attackrange.local",Administrator,"""cmd.exe"" /c ""reg save HKLM\sam %temp%\sam &amp; reg save HKLM\system %temp%\system &amp; reg save HKLM\security %temp%\security""","cmd.exe","reg.exe","reg.exe","reg  save HKLM\security C:\Users\ADMINI~1\AppData\Local\Temp\security",3184,3364,1,"2023-09-24T11:19:08","2023-09-24T11:19:08"
"ar-win-2.attackrange.local",Administrator,"""cmd.exe"" /c ""reg save HKLM\sam %temp%\sam &amp; reg save HKLM\system %temp%\system &amp; reg save HKLM\security %temp%\security""","cmd.exe","reg.exe","reg.exe","reg  save HKLM\system C:\Users\ADMINI~1\AppData\Local\Temp\system",900,3364,1,"2023-09-24T11:19:07","2023-09-24T11:19:07"
"ar-win-2.attackrange.local",Administrator,"""powershell.exe"" -noninteractive -encodedcommand WwBDAG8AbgBzAG8AbABlAF0AOgA6AEkAbgBwAHUAdABFAG4AYwBvAGQAaQBuAGcAIAA9ACAATgBlAHcALQBPAGIAagBlAGMAdAAgAFQAZQB4AHQALgBVAFQARgA4AEUAbgBjAG8AZABpAG4AZwAgACQAZgBhAGwAcwBlADsAIABJAG0AcABvAHIAdAAtAE0AbwBkAHUAbABlACAAIgBDADoAXABBAHQAbwBtAGkAYwBSAGUAZABUAGUAYQBtAFwAaQBuAHYAbwBrAGUALQBhAHQAbwBtAGkAYwByAGUAZAB0AGUAYQBtAFwASQBuAHYAbwBrAGUALQBBAHQAbwBtAGkAYwBSAGUAZABUAGUAYQBtAC4AcABzAGQAMQAiACAALQBGAG8AcgBjAGUACgBJAG4AdgBvAGsAZQAtAEEAdABvAG0AaQBjAFQAZQBzAHQAIAAiAFQAMQAwADAAMwAuADAAMAAyACIAIAAtAEMAbwBuAGYAaQByAG0AOgAkAGYAYQBsAHMAZQAgAC0AVABpAG0AZQBvAHUAdABTAGUAYwBvAG4AZABzACAAMwAwADAAIAAtAEUAeABlAGMAdQB0AGkAbwBuAEwAbwBnAFAAYQB0AGgAIABDADoAXABBAHQAbwBtAGkAYwBSAGUAZABUAGUAYQBtAFwAYQB0AGMAXwBlAHgAZQBjAHUAdABpAG8AbgAuAGMAcwB2AA==","powershell.exe","cmd.exe","Cmd.Exe","""cmd.exe"" /c ""reg save HKLM\sam %%temp%%\sam &amp; reg save HKLM\system %%temp%%\system &amp; reg save HKLM\security %%temp%%\security""",3364,2368,1,"2023-09-24T11:19:07","2023-09-24T11:19:07"
"ar-win-2.attackrange.local",Administrator,"C:\Windows\System32\WindowsPowerShell\v1.0\powershell.exe","powershell.exe","cmd.exe",unknown,"C:\Windows\System32\cmd.exe /c ""reg save HKLM\sam %temp%\sam &amp; reg save HKLM\system %temp%\system &amp; reg save HKLM\security %temp%\security""",0xd24,0x940,1,"2023-09-24T11:19:07","2023-09-24T11:19:07"
"ar-win-2.attackrange.local",Administrator,"C:\Windows\System32\cmd.exe","cmd.exe","reg.exe",unknown,"C:\Windows\System32\reg.exe save HKLM\sam C:\Users\ADMINI~1\AppData\Local\Temp\sam",0xab0,0xd24,1,"2023-09-24T11:19:07","2023-09-24T11:19:07"
"ar-win-2.attackrange.local",Administrator,"C:\Windows\System32\cmd.exe","cmd.exe","reg.exe",unknown,"C:\Windows\System32\reg.exe save HKLM\security C:\Users\ADMINI~1\AppData\Local\Temp\security",0xc70,0xd24,1,"2023-09-24T11:19:08","2023-09-24T11:19:08"
"ar-win-2.attackrange.local",Administrator,"C:\Windows\System32\cmd.exe","cmd.exe","reg.exe",unknown,"C:\Windows\System32\reg.exe save HKLM\system C:\Users\ADMINI~1\AppData\Local\Temp\system",0x384,0xd24,1,"2023-09-24T11:19:07","2023-09-24T11:19:07"
"ar-win-dc.attackrange.local",Administrator,"""cmd.exe"" /c ""reg save HKLM\sam %temp%\sam &amp; reg save HKLM\system %temp%\system &amp; reg save HKLM\security %temp%\security""","cmd.exe","reg.exe","reg.exe","reg  save HKLM\sam C:\Users\ADMINI~1\AppData\Local\Temp\sam",3916,4504,1,"2023-09-24T10:36:10","2023-09-24T10:36:10"
"ar-win-dc.attackrange.local",Administrator,"""cmd.exe"" /c ""reg save HKLM\sam %temp%\sam &amp; reg save HKLM\system %temp%\system &amp; reg save HKLM\security %temp%\security""","cmd.exe","reg.exe","reg.exe","reg  save HKLM\security C:\Users\ADMINI~1\AppData\Local\Temp\security",3972,4504,1,"2023-09-24T10:36:10","2023-09-24T10:36:10"
"ar-win-dc.attackrange.local",Administrator,"""cmd.exe"" /c ""reg save HKLM\sam %temp%\sam &amp; reg save HKLM\system %temp%\system &amp; reg save HKLM\security %temp%\security""","cmd.exe","reg.exe","reg.exe","reg  save HKLM\system C:\Users\ADMINI~1\AppData\Local\Temp\system",4136,4504,1,"2023-09-24T10:36:10","2023-09-24T10:36:10"
"ar-win-dc.attackrange.local",Administrator,"""powershell.exe"" -noninteractive -encodedcommand WwBDAG8AbgBzAG8AbABlAF0AOgA6AEkAbgBwAHUAdABFAG4AYwBvAGQAaQBuAGcAIAA9ACAATgBlAHcALQBPAGIAagBlAGMAdAAgAFQAZQB4AHQALgBVAFQARgA4AEUAbgBjAG8AZABpAG4AZwAgACQAZgBhAGwAcwBlADsAIABJAG0AcABvAHIAdAAtAE0AbwBkAHUAbABlACAAIgBDADoAXABBAHQAbwBtAGkAYwBSAGUAZABUAGUAYQBtAFwAaQBuAHYAbwBrAGUALQBhAHQAbwBtAGkAYwByAGUAZAB0AGUAYQBtAFwASQBuAHYAbwBrAGUALQBBAHQAbwBtAGkAYwBSAGUAZABUAGUAYQBtAC4AcABzAGQAMQAiACAALQBGAG8AcgBjAGUACgBJAG4AdgBvAGsAZQAtAEEAdABvAG0AaQBjAFQAZQBzAHQAIAAiAFQAMQAwADAAMwAuADAAMAAyACIAIAAtAEMAbwBuAGYAaQByAG0AOgAkAGYAYQBsAHMAZQAgAC0AVABpAG0AZQBvAHUAdABTAGUAYwBvAG4AZABzACAAMwAwADAAIAAtAEUAeABlAGMAdQB0AGkAbwBuAEwAbwBnAFAAYQB0AGgAIABDADoAXABBAHQAbwBtAGkAYwBSAGUAZABUAGUAYQBtAFwAYQB0AGMAXwBlAHgAZQBjAHUAdABpAG8AbgAuAGMAcwB2AA==","powershell.exe","cmd.exe","Cmd.Exe","""cmd.exe"" /c ""reg save HKLM\sam %%temp%%\sam &amp; reg save HKLM\system %%temp%%\system &amp; reg save HKLM\security %%temp%%\security""",4504,5480,1,"2023-09-24T10:36:10","2023-09-24T10:36:10"
"ar-win-dc.attackrange.local",Administrator,"C:\Windows\System32\WindowsPowerShell\v1.0\powershell.exe","powershell.exe","cmd.exe",unknown,"C:\Windows\System32\cmd.exe /c ""reg save HKLM\sam %temp%\sam &amp; reg save HKLM\system %temp%\system &amp; reg save HKLM\security %temp%\security""",0x1198,0x1568,1,"2023-09-24T10:36:10","2023-09-24T10:36:10"
"ar-win-dc.attackrange.local",Administrator,"C:\Windows\System32\cmd.exe","cmd.exe","reg.exe",unknown,"C:\Windows\System32\reg.exe save HKLM\sam C:\Users\ADMINI~1\AppData\Local\Temp\sam",0xf4c,0x1198,1,"2023-09-24T10:36:10","2023-09-24T10:36:10"
"ar-win-dc.attackrange.local",Administrator,"C:\Windows\System32\cmd.exe","cmd.exe","reg.exe",unknown,"C:\Windows\System32\reg.exe save HKLM\security C:\Users\ADMINI~1\AppData\Local\Temp\security",0xf84,0x1198,1,"2023-09-24T10:36:10","2023-09-24T10:36:10"
"ar-win-dc.attackrange.local",Administrator,"C:\Windows\System32\cmd.exe","cmd.exe","reg.exe",unknown,"C:\Windows\System32\reg.exe save HKLM\system C:\Users\ADMINI~1\AppData\Local\Temp\system",0x1028,0x1198,1,"2023-09-24T10:36:10","2023-09-24T10:36:10"
